Stock*,Open,High,Low,Last*,Vol*
ACO,0.29,0.3,0.28,0.29,43548
AEMULUS,1.06,1.08,1.04,1.05,39572
AIM,0.235,0.235,0.22,0.235,9191
AIMFLEX,0.155,0.16,0.155,0.16,78172
ANCOMLB,0.29,0.335,0.275,0.33,123014
ANEKA,0.25,0.255,0.25,0.25,751
APPASIA,0.145,0.145,0.135,0.135,37931
APPASIA-WA,0.105,0.105,0.105,0.105,71
APPASIA-WB,0.075,0.075,0.07,0.075,20080
ARTRONIQ,0.3,0.305,0.285,0.295,5050
ASDION,0.26,0.26,0.245,0.25,41280
ASIAPLY,0.18,0.18,0.175,0.18,23127
ASIAPLY-PA,-,-,-,-,0
ASIAPLY-WB,0.095,0.095,0.095,0.095,400
AT,0.055,0.065,0.055,0.06,270225
AT-WC,0.04,0.045,0.04,0.04,6560
BAHVEST,0.505,0.51,0.5,0.51,7628
BAHVEST-WA,0.29,0.3,0.29,0.29,1685
BCMALL,0.05,0.055,0.05,0.05,102018
BCMALL-WA,0.015,0.015,0.01,0.01,22033
BINACOM,0.375,0.39,0.37,0.38,134903
BIOHLDG,0.22,0.225,0.22,0.22,25117
BIOHLDG-PA,0.085,0.09,0.085,0.09,1180
BIOHLDG-WA,0.03,0.035,0.03,0.035,4087
BTECH,-,-,-,-,0
CABNET,0.305,0.305,0.295,0.3,1850
CAREPLS,1.21,1.29,1.21,1.24,145091
CATCHA,0.2,0.2,0.2,0.2,821
CEKD,0.545,0.55,0.525,0.525,65459
DGB,0.045,0.05,0.04,0.05,449942
DGB-WC,0.02,0.02,0.02,0.02,110706
DGSB,0.095,0.095,0.09,0.095,2655
DPIH,0.505,0.535,0.5,0.51,110888
EAH,0.02,0.02,0.02,0.02,20202
EAH-WD,-,-,-,-,0
EAH-WE,-,-,-,-,0
EDUSPEC,0.02,0.02,0.015,0.015,8507
EDUSPEC-WB,0.01,0.01,0.005,0.01,2100
EFRAME,0.485,0.485,0.475,0.48,971
ESAFE,0.3,0.305,0.3,0.305,7718
ESCERAM,0.395,0.425,0.395,0.415,44619
ESCERAM-WB,0.195,0.22,0.195,0.21,9776
FAST,0.255,0.255,0.23,0.235,89221
FINTEC,0.02,0.02,0.015,0.015,24439
FINTEC-PA,-,-,-,-,0
FINTEC-WA,-,-,-,-,0
FINTEC-WB,0.005,0.01,0.005,0.005,7213
FINTEC-WC,0.005,0.01,0.005,0.01,510
FLEXI,0.31,0.315,0.3,0.3,2173
FOCUS,0.055,0.06,0.055,0.055,96948
FOCUS-PA,0.01,0.01,0.01,0.01,10001
FOCUS-WD,0.01,0.01,0.005,0.005,9459
FOCUSP,0.745,0.76,0.745,0.745,283
GENETEC,36.86,37.8,35.52,36,4025
GFM,0.255,0.26,0.25,0.26,29058
GFM-WC,0.055,0.06,0.05,0.06,7081
GNB,-,-,-,-,0
GOCEAN,0.035,0.055,0.035,0.05,948460
GOCEAN-WB,0.015,0.02,0.015,0.02,113828
HAILY,0.535,0.57,0.535,0.565,11032
HEXIND,0.165,0.165,0.13,0.14,129049
HEXIND-OR,0.005,0.015,0.005,0.005,1392134
HEXIND-WA,0.025,0.03,0.015,0.025,21625
HHGROUP,0.57,0.615,0.53,0.54,27594
HHGROUP-WA,0.495,0.495,0.435,0.44,60
HHHCORP,0.15,0.15,0.14,0.145,125706
HLT,0.56,0.595,0.56,0.575,104122
HLT-WA,0.355,0.4,0.355,0.37,18567
HPPHB,0.52,0.55,0.515,0.525,21981
IDMENSN,0.11,0.11,0.105,0.105,4081
IFCAMSC,0.33,0.33,0.32,0.33,2431
INIX,0.1,0.11,0.1,0.105,8229
INNITY,0.59,0.59,0.575,0.575,465
IRIS,0.225,0.23,0.225,0.225,52855
JAG,0.325,0.34,0.32,0.34,217861
JFTECH,1.46,1.47,1.41,1.41,22507
JFTECH-WA,0.69,0.695,0.665,0.665,15785
K1,0.235,0.25,0.23,0.24,58463
K1-WC,0.02,0.025,0.02,0.025,7642
KANGER,0.05,0.05,0.045,0.05,1045815
KANGER-WB,0.01,0.015,0.01,0.015,205673
KGROUP,0.03,0.035,0.03,0.03,130712
KGROUP-WC,0.01,0.01,0.01,0.01,10820
KHJB,0.27,0.27,0.265,0.27,3491
KRONO,0.625,0.63,0.62,0.62,11094
KTC,0.16,0.165,0.155,0.16,26451
LAMBO,0.07,0.08,0.065,0.075,95268
LAMBO-WB,0.02,0.02,0.02,0.02,2500
LAMBO-WC,0.02,0.03,0.02,0.03,84626
LKL,0.205,0.21,0.2,0.2,124666
LYC,0.255,0.26,0.255,0.255,3041
M3TECH,0.055,0.06,0.055,0.06,572
MACPIE,0.105,0.12,0.105,0.12,174445
MACPIE-WB,0.035,0.035,0.03,0.035,60314
MAG,0.175,0.185,0.17,0.175,141966
MAG-WB,0.045,0.045,0.04,0.04,18438
MATANG,0.09,0.095,0.09,0.09,23083
MCLEAN,0.385,0.385,0.38,0.38,3680
MEGASUN,0.125,0.13,0.125,0.13,6904
MESTRON,0.33,0.335,0.325,0.33,27976
MESTRON-WA,0.15,0.16,0.15,0.15,43312
MGRC,2.31,2.31,2.22,2.26,105231
MICROLN,0.6,0.61,0.6,0.61,2250
MIKROMB,0.22,0.22,0.215,0.215,2729
MLAB,0.045,0.045,0.045,0.045,150041
MLAB-WC,-,-,-,-,0
MMAG,0.095,0.095,0.09,0.09,28426
MMAG-PA,-,-,-,-,0
MMAG-WB,0.035,0.035,0.035,0.035,204
MNC,0.03,0.03,0.03,0.03,9150
MNC-PA,-,-,-,-,0
MNC-WA,-,-,-,-,0
MNC-WB,-,-,-,-,0
MOBILIA,0.48,0.485,0.47,0.475,36030
MPAY,0.245,0.245,0.24,0.24,23897
MQTECH,0.06,0.065,0.06,0.06,72381
MQTECH-WA,0.005,0.01,0.005,0.005,7771
MTAG,0.64,0.645,0.635,0.64,2529
MTOUCHE,0.105,0.11,0.095,0.105,61553
MTOUCHE-WD,0.03,0.035,0.03,0.035,21985
N2N,0.725,0.73,0.72,0.725,1382
N2N-WB,0.195,0.2,0.19,0.195,1510
NADIBHD,0.305,0.31,0.3,0.305,2753
NESTCON,0.415,0.415,0.375,0.385,104195
NETX,0.165,0.17,0.16,0.165,37547
NETX-WC,0.035,0.04,0.035,0.04,181
NEXGRAM,0.025,0.025,0.02,0.025,6345
NEXGRAM-WA,0.005,0.005,0.005,0.005,24416
NEXGRAM-WB,-,-,-,-,0
NEXGRAM-WC,0.01,0.01,0.01,0.01,3200
NOVAMSC,0.125,0.13,0.12,0.13,17702
NOVAMSC-PA,-,-,-,-,0
OPCOM,1.07,1.14,1.05,1.09,307172
OPENSYS,0.425,0.43,0.425,0.43,3682
OPTIMAX,1.45,1.47,1.42,1.47,6684
ORION,0.045,0.045,0.045,0.045,6140
ORION-WA,0.01,0.01,0.01,0.01,600
OSKVI,0.44,0.44,0.44,0.44,4
OVERSEA,0.095,0.095,0.095,0.095,1881
OVERSEA-WA,0.025,0.035,0.025,0.03,43331
OVH,0.285,0.29,0.28,0.29,4650
PARLO,0.22,0.225,0.21,0.21,119785
PASUKGB,0.055,0.055,0.05,0.05,177168
PASUKGB-WA,0.015,0.015,0.01,0.015,39335
PEKAT,0.74,0.74,0.725,0.735,12124
PINEAPP,1.08,1.21,1.08,1.17,6790
PLABS,0.245,0.245,0.24,0.245,3516
PRIVA,0.17,0.175,0.165,0.17,32875
PUC,0.14,0.14,0.135,0.135,49362
PUC-WA,0.095,0.095,0.095,0.095,310
PWRWELL,0.21,0.21,0.205,0.21,5767
QES,0.765,0.79,0.765,0.775,43506
RAMSSOL,0.9,0.91,0.88,0.89,40307
REDTONE,0.5,0.515,0.5,0.51,11729
REVENUE,1.86,1.87,1.85,1.86,4063
REVENUE-WA,1.09,1.09,1.09,1.09,1515
REXIT,0.965,0.965,0.95,0.96,634
RGTECH,0.35,0.36,0.345,0.36,22974
RL,0.605,0.615,0.59,0.595,35939
RL-WA,0.305,0.305,0.285,0.295,10944
SAMAIDEN,1.11,1.11,1.07,1.08,3859
SAMAIDEN-WA,0.315,0.32,0.315,0.315,3066
SANICHI,0.035,0.035,0.03,0.035,25511
SANICHI-WE,-,-,-,-,0
SANICHI-WF,0.01,0.01,0.01,0.01,3510
SCBUILD,0.1,0.1,0.09,0.09,12271
SCC,0.37,0.375,0.37,0.375,438
SCGBHD,0.495,0.5,0.48,0.48,48840
SCOMNET,1.77,1.83,1.76,1.77,13086
SCOMNET-WA,1.15,1.15,1.12,1.15,210
SCOPE,0.36,0.37,0.35,0.365,258411
SDS,0.345,0.345,0.335,0.335,2217
SEDANIA,0.63,0.64,0.62,0.625,47010
SERSOL,0.445,0.46,0.44,0.455,55868
SERSOL-WA,0.265,0.275,0.265,0.27,11961
SLVEST,1.32,1.33,1.29,1.3,32367
SLVEST-WA,0.62,0.625,0.61,0.615,8221
SMETRIC,0.125,0.13,0.125,0.13,33991
SMETRIC-WA,0.045,0.045,0.045,0.045,3519
SMRT,0.14,0.14,0.135,0.14,741
SMTRACK,0.1,0.1,0.095,0.095,11939
SOLUTN,0.685,0.685,0.66,0.68,18808
SPRING,0.24,0.24,0.24,0.24,800
SPRING-WA,0.11,0.11,0.105,0.105,2251
SRIDGE,0.22,0.22,0.205,0.21,3412
SRIDGE-WA,-,-,-,-,0
STRAITS,0.18,0.185,0.175,0.175,84309
STRAITS-WA,0.105,0.115,0.105,0.105,32784
SUNZEN,0.23,0.235,0.225,0.235,10027
SYSTECH,0.22,0.225,0.22,0.225,12723
TASHIN,0.57,0.575,0.555,0.555,6670
TCS,0.44,0.45,0.44,0.445,594
TCS-WA,0.15,0.15,0.15,0.15,187
TDEX,0.155,0.155,0.145,0.155,2169
TELADAN,0.68,0.685,0.66,0.675,39461
TELADAN-WA,0.305,0.31,0.2,0.225,166064
TEXCYCL,0.42,0.425,0.42,0.42,637
TFP,0.11,0.115,0.105,0.115,56455
TFP-WB,0.09,0.095,0.085,0.095,2041
TRIMODE,0.71,0.72,0.7,0.705,4745
UCREST,0.27,0.27,0.265,0.27,83443
VC,0.075,0.075,0.07,0.075,7330
VC-PA,-,-,-,-,0
VC-WB,-,-,-,-,0
VC-WC,0.03,0.03,0.025,0.03,5686
VINVEST,0.405,0.41,0.4,0.4,34844
VINVEST-WE,0.15,0.15,0.145,0.145,2587
VIS,1.47,1.59,1.42,1.45,100653
VIS-WB,0.81,0.9,0.795,0.825,86401
VOLCANO,0.505,0.505,0.495,0.5,7145
VSOLAR,0.015,0.02,0.01,0.015,329135
VSOLAR-WB,0.01,0.01,0.01,0.01,1701
WAJA,0.15,0.155,0.15,0.155,23841
WIDAD,0.385,0.4,0.38,0.39,807307
WIDAD-WA,0.2,0.21,0.195,0.205,41410
XOX,0.04,0.04,0.035,0.035,19667
XOX-PA,-,-,-,-,0
XOX-WB,0.015,0.015,0.015,0.015,3719
XOX-WC,0.01,0.01,0.01,0.01,159364
YBS,0.36,0.365,0.355,0.36,21541
YGL,0.2,0.21,0.2,0.21,2124
3A,0.96,0.96,0.94,0.945,9255
AASIA,0.12,0.125,0.12,0.125,270
AAX,0.085,0.085,0.08,0.08,33909
ABLEGLOB,1.7,1.79,1.7,1.78,28429
ABLEGRP,0.115,0.12,0.115,0.115,3033
ABMB,2.56,2.57,2.55,2.57,3164
ACME,0.23,0.23,0.225,0.225,2243
ACME-WA,-,-,-,-,0
ADVCON,0.33,0.33,0.325,0.325,1111
ADVENTA,1.19,1.28,1.16,1.21,87630
ADVPKG,2.64,2.64,2.64,2.64,20
AEM,0.04,0.05,0.04,0.05,53372
AEM-WB,0.015,0.015,0.015,0.015,26676
AEON,1.49,1.51,1.49,1.5,7595
AEONCR,12.24,12.38,12.2,12.36,2702
AFFIN,1.69,1.7,1.69,1.69,256
AFUJIYA,0.425,0.425,0.42,0.425,1220
AGES,0.075,0.08,0.075,0.08,4224
AGES-PA,-,-,-,-,0
AHB,0.12,0.12,0.115,0.115,3500
AHEALTH,2.81,2.81,2.8,2.81,132
AIRASIA,1.02,1.06,1,1.05,278094
AIRPORT,6.8,7,6.77,6.9,38911
AJI,15.86,16,15.86,15.88,43
AJIYA,0.585,0.595,0.56,0.565,713
ALAM,0.065,0.065,0.06,0.065,7463
ALAM-WA,-,-,-,-,0
ALAQAR,1.2,1.21,1.16,1.17,7037
ALCOM,0.86,0.88,0.855,0.86,4989
ALLIANZ,12.86,12.86,12.78,12.78,341
ALLIANZ-PA,13.3,13.3,13.3,13.3,10
ALSREIT,0.535,0.535,0.505,0.53,18
AMBANK,3.19,3.23,3.17,3.18,23472
AME,1.6,1.62,1.58,1.58,4678
AME-WA,0.305,0.305,0.305,0.305,2289
AMEDIA,0.12,0.12,0.115,0.115,1561
AMFIRST,0.395,0.395,0.395,0.395,930
AMPROP,0.885,0.885,0.885,0.885,24638
AMTEL,0.805,0.815,0.79,0.8,5706
AMTEL-WA,0.355,0.355,0.34,0.345,2642
AMWAY,5.42,5.42,5.42,5.42,50
ANALABS,1.19,1.19,1.18,1.18,1880
ANCOM,2.04,2.22,2.01,2.17,36727
ANCOM-WB,1.16,1.29,1.15,1.29,13047
ANNJOO,2.45,2.45,2.4,2.42,17114
ANNJOO-PA,-,-,-,-,0
ANNUM,0.9,0.91,0.885,0.91,745
ANZO,0.04,0.045,0.04,0.045,13769
ANZO-WB,0.02,0.02,0.02,0.02,3450
APB,0.68,0.705,0.675,0.705,421
APEX,-,-,-,-,0
APM,2.18,2.18,2.18,2.18,52
APOLLO,4.13,4.13,4.05,4.07,809
ARANK,0.62,0.625,0.6,0.62,15112
ARBB,0.26,0.265,0.255,0.26,8070
ARBB-PA,0.085,0.085,0.085,0.085,7275
ARK,0.44,0.44,0.44,0.44,45
ARMADA,0.46,0.465,0.455,0.46,205173
ARREIT,0.665,0.665,0.665,0.665,31
ASB,0.14,0.14,0.135,0.14,8401
ASIABRN,0.6,0.6,0.6,0.6,11
ASIAFLE,2.5,2.56,2.43,2.56,76
ASIAPAC,0.135,0.135,0.135,0.135,35878
ASIAPAC-WB,0.025,0.03,0.025,0.025,3572
ASTINO,0.68,0.68,0.665,0.67,4000
ASTRO,1.01,1.03,1,1.03,16619
ATAIMS,2.65,2.67,2.59,2.64,17286
ATLAN,2.75,2.79,2.75,2.75,71
ATRIUM,1.44,1.46,1.43,1.46,306
ATTA,0.455,0.455,0.45,0.455,672
ATTA-PA,-,-,-,-,0
ATTA-WB,0.065,0.07,0.065,0.07,1564
ATTA-WC,0.24,0.245,0.24,0.245,40
AVI,0.13,0.135,0.13,0.13,207427
AWANTEC,0.83,0.85,0.815,0.815,28180
AWANTEC-WA,0.54,0.545,0.52,0.525,3685
AWC,0.535,0.54,0.525,0.53,6041
AWC-WA,-,-,-,-,0
AXIATA,4.05,4.05,3.91,3.91,58079
AXREIT,1.9,1.92,1.88,1.9,19800
AXTERIA,0.23,0.235,0.23,0.235,6331
AXTERIA-WA,0.115,0.115,0.115,0.115,300
AYER,-,-,-,-,0
AYS,0.72,0.725,0.685,0.69,51611
AZRB,0.25,0.25,0.245,0.25,4994
AZRB-WA,-,-,-,-,0
BARAKAH,0.08,0.085,0.075,0.08,202691
BAT,13.94,14.12,13.9,14.12,1506
BAUTO,1.55,1.6,1.54,1.59,11236
BCB,-,-,-,-,0
BDB,0.45,0.47,0.445,0.45,1447
BENALEC,0.16,0.16,0.15,0.15,33059
BERTAM,0.1,0.1,0.1,0.1,2909
BHIC,0.5,0.5,0.485,0.49,90
BIG,1.15,1.16,1.08,1.09,17935
BIMB,-,-,-,-,0
BINTAI,0.67,0.675,0.6,0.605,332200
BIPORT,4.4,4.4,4.38,4.38,307
BJASSET,0.24,0.25,0.24,0.25,462
BJASSET-WB,-,-,-,-,0
BJCORP,0.25,0.26,0.25,0.26,121622
BJCORP-WB,0.01,0.015,0.01,0.015,14529
BJCORP-WC,0.065,0.065,0.065,0.065,10
BJFOOD,2,2.02,2,2.01,87
BJLAND,0.24,0.25,0.24,0.245,5657
BJTOTO,2.01,2.05,2,2.05,9124
BKAWAN,20.62,20.8,20.6,20.8,58
BLDPLNT,9.08,9.08,9,9,30
BOILERM,1.03,1.04,1.02,1.03,2037
BONIA,0.83,0.89,0.83,0.855,50
BORNOIL,0.03,0.03,0.025,0.025,198107
BORNOIL-WC,0.015,0.015,0.015,0.015,22250
BORNOIL-WD,0.015,0.015,0.015,0.015,2807
BOXPAK,1.3,1.32,1.3,1.32,1823
BOXPAK-WA,0.135,0.135,0.135,0.135,180
BPLANT,0.61,0.615,0.6,0.615,16646
BPPLAS,2.56,2.69,2.52,2.65,14564
BPURI,0.05,0.05,0.045,0.045,31865
BPURI-WA,0.02,0.025,0.02,0.02,3020
BRAHIMS,0.24,0.405,0.24,0.385,406459
BREM,0.75,0.75,0.75,0.75,2095
BRIGHT,0.245,0.245,0.24,0.245,1990
BSLCORP,2.04,2.08,1.93,1.97,9453
BSTEAD,0.565,0.565,0.555,0.555,29477
BTM,0.2,0.2,0.195,0.195,7577
BTM-WB,0.12,0.12,0.11,0.11,362
BURSA,7.36,7.4,7.36,7.38,2223
CAB,0.47,0.475,0.47,0.47,2765
CAELY,0.365,0.37,0.365,0.365,3602
CAMRES,0.355,0.36,0.345,0.345,6721
CANONE,4.09,4.68,4.06,4.62,51306
CAP,-,-,-,-,0
CARIMIN,0.64,0.655,0.64,0.64,10927
CARLSBG,22.3,22.52,22.3,22.4,216
CBIP,1.25,1.29,1.25,1.27,642
CCB,2.29,2.3,2.26,2.26,50
CCK,0.57,0.575,0.57,0.575,1591
CCK-WA,0.07,0.075,0.065,0.065,1346
CENSOF,0.355,0.355,0.34,0.34,36898
CEPAT,0.665,0.67,0.665,0.665,202
CEPCO,-,-,-,-,0
CFM,0.79,0.89,0.77,0.84,59366
CGB,1.24,1.24,1.19,1.19,18269
CHEETAH,0.415,0.42,0.375,0.375,40051
CHGP,0.795,0.81,0.795,0.805,10358
CHGP-WA,-,-,-,-,0
CHHB,1.18,1.19,1.18,1.19,80
CHHB-WB,0.13,0.16,0.13,0.16,1975
CHINHIN,1.34,1.35,1.34,1.35,15844
CHINTEK,7.43,7.6,7.41,7.6,71
CHINWEL,1.26,1.26,1.26,1.26,100
CHOOBEE,1.91,1.91,1.88,1.89,606
CHUAN,0.59,0.59,0.56,0.56,3749
CIHLDG,3.85,3.9,3.83,3.84,252
CIMB,4.8,4.8,4.71,4.78,132160
CJCEN,0.52,0.52,0.51,0.515,7159
CLMT,0.62,0.62,0.615,0.62,864
CME,0.045,0.045,0.04,0.04,26419
CME-WA,-,-,-,-,0
CMSB,1.21,1.28,1.2,1.26,109079
CNASIA,0.585,0.6,0.535,0.6,200157
CNASIA-WA,0.32,0.36,0.31,0.335,27022
CNH,0.085,0.09,0.085,0.09,8643
CNOUHUA,0.06,0.075,0.06,0.07,123821
COASTAL,0.815,0.845,0.815,0.82,4539
COCOLND,1.93,1.94,1.93,1.93,274
COMCORP,-,-,-,-,0
COMFORT,1.3,1.39,1.28,1.33,58558
COMFORT-WB,0.34,0.365,0.33,0.335,129689
COMPLET,1.71,1.76,1.7,1.73,7319
COMPUGT,0.015,0.02,0.015,0.015,61796
CRESBLD,0.615,0.615,0.61,0.61,1386
CRESNDO,1.21,1.21,1.21,1.21,31
CSCENIC,0.69,0.72,0.685,0.72,12034
CSCENIC-WA,0.18,0.19,0.175,0.185,9557
CSCSTEL,1.3,1.32,1.29,1.3,4961
CTOS,2.03,2.08,2.01,2.02,137813
CUSCAPI,0.235,0.235,0.23,0.23,54670
CVIEW,-,-,-,-,0
CWG,0.4,0.405,0.395,0.405,1190
CYL,0.475,0.48,0.475,0.48,953
CYPARK,0.94,0.97,0.935,0.965,17364
D&O,5.72,5.77,5.65,5.72,42296
DAIBOCI,2.71,2.72,2.71,2.71,12625
DAIBOCI-WB,0.335,0.335,0.33,0.33,3291
DANCO,0.63,0.63,0.61,0.615,5099
DANCO-WA,0.3,0.3,0.29,0.29,830
DATAPRP,1.06,1.08,1.04,1.07,113721
DAYA,0.01,0.015,0.01,0.01,38526
DAYANG,0.955,0.975,0.955,0.96,23741
DBHD,0.495,0.5,0.495,0.495,48534
DELEUM,0.55,0.55,0.535,0.55,3109
DESTINI,0.3,0.31,0.29,0.3,584093
DFCITY,0.51,0.53,0.51,0.515,4631
DIALOG,2.5,2.5,2.38,2.39,160205
DIGI,4.42,4.48,4.38,4.45,38911
DIGISTA,0.065,0.065,0.065,0.065,8205
DIGISTA-WB,-,-,-,-,0
DIGISTA-WC,0.025,0.025,0.025,0.025,1000
DKLS,1.61,1.72,1.61,1.72,30
DKSH,4.96,5.25,4.96,5.19,10831
DLADY,32.7,32.7,32.5,32.5,82
DNEX,0.785,0.79,0.775,0.78,510402
DNONCE,0.4,0.405,0.395,0.4,17703
DOLMITE,0.035,0.04,0.035,0.04,340
DOLPHIN,0.085,0.085,0.08,0.085,13974
DOLPHIN-WB,0.065,0.065,0.065,0.065,1285
DOMINAN,0.87,0.87,0.83,0.86,27
DPHARMA,1.83,1.83,1.81,1.81,6520
DPS,0.12,0.125,0.12,0.125,9784
DPS-WB,0.055,0.06,0.055,0.06,5501
DRBHCOM,1.62,1.66,1.62,1.64,15247
DSONIC,0.5,0.5,0.485,0.495,18140
DSONIC-WA,0.155,0.155,0.155,0.155,12516
DUFU,4.23,4.28,4.19,4.22,2742
DUTALND,0.38,0.38,0.375,0.38,2214
DYNACIA,0.095,0.1,0.095,0.095,2945
DYNACIA-PA,-,-,-,-,0
DYNACIA-WA,0.05,0.05,0.05,0.05,1500
E&O,0.62,0.63,0.62,0.625,1072
EASTLND,0.115,0.115,0.105,0.115,39784
EATECH,0.13,0.13,0.125,0.125,8159
ECM,-,-,-,-,0
ECOFIRS,0.39,0.395,0.39,0.395,4170
ECOFIRS-WD,0.12,0.125,0.115,0.125,11521
ECOHLDS,0.175,0.18,0.17,0.18,9596
ECONBHD,0.395,0.41,0.39,0.39,68555
ECONBHD-WA,0.07,0.07,0.065,0.065,1318
ECOWLD,0.795,0.805,0.785,0.79,29024
ECOWLD-WA,0.02,0.02,0.015,0.02,4526
EDARAN,0.825,0.825,0.775,0.775,18697
EDEN,0.14,0.145,0.14,0.145,3886
EDGENTA,1.77,1.77,1.75,1.75,622
EFFICEN,0.19,0.19,0.19,0.19,1764
EFORCE,0.505,0.51,0.5,0.505,11016
EG,0.545,0.55,0.535,0.545,9066
EG-PA,-,-,-,-,0
EIG,0.385,0.385,0.38,0.38,1049
EITA,0.84,0.85,0.84,0.845,1114
EITA-WA,0.275,0.275,0.27,0.275,107
EKOVEST,0.39,0.4,0.385,0.39,74936
EKSONS,-,-,-,-,0
ELKDESA,1.35,1.36,1.35,1.36,190
ELSOFT,0.87,0.89,0.87,0.875,6816
EMETALL,0.6,0.61,0.59,0.605,3260
EMICO,0.415,0.425,0.4,0.4,69336
ENCORP,0.64,0.645,0.625,0.635,87039
ENGKAH,0.61,0.61,0.61,0.61,95
ENGKAH-WB,-,-,-,-,0
ENGTEX,0.63,0.64,0.625,0.64,13488
ENGTEX-WB,0.195,0.2,0.195,0.195,1586
ENRA,0.8,0.8,0.785,0.785,233
ENRA-WA,0.175,0.18,0.175,0.18,33
EPMB,0.465,0.465,0.455,0.46,3132
EUPE,0.815,0.815,0.815,0.815,30
EURO,0.48,0.49,0.47,0.47,42353
EUROSP,1.29,1.42,1.28,1.42,4048
EVERGRN,0.395,0.4,0.39,0.39,4407
EWEIN,0.325,0.325,0.32,0.325,3898
EWEIN-WB,0.05,0.05,0.045,0.045,2390
EWINT,0.45,0.45,0.43,0.435,22076
EWINT-WA,0.01,0.015,0.01,0.01,10356
F&N,26.64,26.88,26.6,26.7,1779
FACBIND,1.38,1.38,1.36,1.36,32
FAJAR,0.395,0.405,0.395,0.4,14393
FAJAR-OR,0.385,0.415,0.385,0.405,25939
FAREAST,-,-,-,-,0
FARLIM,0.27,0.28,0.27,0.27,518
FAVCO,2.31,2.32,2.29,2.32,705
FCW,1.05,1.05,1.05,1.05,72
FGV,1.36,1.36,1.35,1.36,1289
FIAMMA,0.61,0.625,0.61,0.61,579
FIBON,0.475,0.48,0.47,0.47,1020
FIHB,0.63,0.63,0.615,0.625,15066
FIHB-PA,-,-,-,-,0
FIHB-PB,-,-,-,-,0
FIMACOR,1.88,1.88,1.87,1.88,73
FITTERS,0.405,0.405,0.39,0.39,78447
FLBHD,0.9,0.9,0.895,0.9,329
FPGROUP,0.775,0.78,0.775,0.775,3726
FPI,3.98,4.09,3.94,3.98,8063
FREIGHT,0.82,0.835,0.79,0.8,54283
FRONTKN,3.66,3.75,3.61,3.61,138067
FRONTKN-WB,0.585,0.61,0.575,0.585,87796
FSBM,0.065,0.125,0.065,0.08,8831
FSBM-WA,0.015,0.045,0.01,0.03,19462
G3,0.085,0.085,0.08,0.085,15874
G3-WA,-,-,-,-,0
GADANG,0.365,0.37,0.36,0.37,16154
GADANG-WB,0.005,0.005,0.005,0.005,200
GAMUDA,3.1,3.15,3,3.01,33225
GASMSIA,2.75,2.75,2.73,2.74,833
GBGAQRS,0.55,0.59,0.55,0.575,36312
GBGAQRS-WB,0.115,0.14,0.115,0.14,1530
GCAP,0.65,0.66,0.65,0.66,838
GCB,2.95,2.97,2.95,2.96,1344
GCB-WB,1.3,1.3,1.28,1.28,118
GCE,-,-,-,-,0
GDB,0.47,0.475,0.465,0.475,10576
GDB-WA,0.13,0.135,0.13,0.135,2231
GDEX,0.315,0.32,0.31,0.315,32305
GDEX-WC,0.11,0.11,0.11,0.11,8632
GENM,3.06,3.1,3,3,254979
GENP,6.75,7.07,6.75,6.85,3710
GENTING,5,5.07,4.97,5.04,46097
GESHEN,1.93,1.93,1.88,1.92,3016
GETS,1.6,1.6,1.52,1.58,1467
GHLSYS,1.85,1.88,1.85,1.87,13670
GIIB,0.165,0.165,0.155,0.155,11616
GIIB-WA,0.04,0.045,0.04,0.04,20325
GKENT,0.665,0.67,0.66,0.665,5424
GLBHD,-,-,-,-,0
GLOMAC,0.34,0.34,0.33,0.335,880
GLOTEC,0.6,0.64,0.59,0.64,53834
GLOTEC-WA,0.05,0.065,0.045,0.065,52716
GMUTUAL,0.3,0.3,0.3,0.3,273
GOB,0.3,0.3,0.295,0.295,3330
GOPENG,-,-,-,-,0
GPACKET,0.115,0.12,0.11,0.12,214262
GPACKET-WB,0.04,0.045,0.035,0.045,18876
GPHAROS,0.36,0.36,0.345,0.35,1566
GREATEC,7.02,7.13,6.94,7.11,33957
GREENYB,0.295,0.295,0.29,0.29,4005
GTRONIC,2.11,2.12,2.06,2.06,18371
GUH,0.535,0.54,0.51,0.525,50599
GUOCO,0.745,0.75,0.745,0.75,115
HAIO,1.96,1.98,1.94,1.96,1027
HANDAL,0.245,0.245,0.24,0.24,12199
HAPSENG,8.17,8.17,7.95,7.95,4765
HARBOUR,1.31,1.42,1.26,1.33,352082
HARISON,4.8,4.8,4.8,4.8,80
HARNLEN,0.76,0.785,0.76,0.785,7314
HARNLEN-WB,0.28,0.285,0.28,0.285,555
HARTA,6.03,6.32,5.93,6.15,140854
HBGLOB,0.25,0.25,0.245,0.245,14305
HCK,1.96,2,1.96,2,1247
HCK-WA,-,-,-,-,0
HEIM,23.3,23.3,23.04,23.1,392
HEKTAR,0.565,0.57,0.565,0.57,323
HENGYUAN,4.32,4.35,4.26,4.34,5671
HEVEA,0.465,0.47,0.455,0.46,10682
HEXTAR,1.3,1.3,1.28,1.28,16640
HEXZA,1.07,1.07,1.06,1.07,1655
HIAPTEK,0.585,0.595,0.56,0.57,434689
HIBISCS,0.685,0.705,0.685,0.7,153552
HIBISCS-PA,-,-,-,-,0
HIGHTEC,2.07,2.12,2.02,2.05,28138
HIL,0.93,0.98,0.93,0.98,1039
HIL-WB,0.32,0.32,0.32,0.32,23
HLBANK,18.7,19.08,18.6,18.9,16090
HLCAP,6.65,6.66,6.52,6.66,14118
HLFG,18.22,18.48,18.2,18.3,2937
HLIND,8.9,8.9,8.86,8.86,257
HOHUP,0.375,0.385,0.375,0.385,1342
HOMERIZ,0.58,0.585,0.575,0.58,1445
HOMERIZ-WB,0.14,0.14,0.135,0.14,4030
HOMERIZ-WC,0.125,0.125,0.125,0.125,511
HONGSENG,2.2,2.43,2.18,2.42,56764
HONGSENG-PA,2.05,2.13,2.05,2.13,480
HONGSENG-WA,1.93,2.2,1.9,2.19,1329
HOOVER,0.76,0.775,0.755,0.76,838
HPMT,0.565,0.59,0.56,0.58,4880
HSL,0.97,0.975,0.97,0.97,450
HSPLANT,2.02,2.03,2.02,2.03,179
HSSEB,0.555,0.56,0.55,0.56,600
HSSEB-WA,-,-,-,-,0
HTPADU,1.27,1.31,1.26,1.28,8512
HUAYANG,0.275,0.275,0.275,0.275,40
HUBLINE,0.04,0.04,0.035,0.04,10350
HUBLINE-WC,-,-,-,-,0
HUMEIND,1.05,1.06,1.05,1.06,775
HUPSENG,0.935,0.94,0.935,0.935,848
HWATAI,0.67,0.69,0.655,0.67,6764
HWGB,0.26,0.265,0.255,0.255,19275
IBHD,0.265,0.265,0.265,0.265,1820
IBHD-PA,-,-,-,-,0
IBRACO,0.515,0.515,0.515,0.515,3
ICAP,2.21,2.25,2.21,2.25,55
ICON,0.1,0.105,0.095,0.1,21805
ICON-WA,0.055,0.06,0.055,0.055,2503
ICONIC,0.44,0.445,0.435,0.44,20049
IDEAL,-,-,-,-,0
IGBB,1.91,1.91,1.9,1.9,262
IGBB-PB,-,-,-,-,0
IGBCR,0.625,0.625,0.62,0.62,17866
IGBREIT,1.68,1.69,1.68,1.69,5377
IHH,6.72,6.72,6.65,6.7,49072
IJM,1.81,1.83,1.8,1.81,30629
IJMPLNT,3.1,3.11,3.1,3.1,3760
ILB,0.435,0.44,0.435,0.435,68
IMASPRO,2.17,2.19,2.15,2.19,482
IMPIANA,0.09,0.095,0.085,0.09,385497
INARI,3.7,3.75,3.64,3.69,194235
INCKEN,0.465,0.465,0.45,0.45,720
INNATURE,0.72,0.725,0.7,0.7,5022
INNO,1.19,1.19,1.18,1.19,2004
INSAS,1,1.02,0.985,1,12879
INSAS-PB,0.93,0.93,0.925,0.93,524
INSAS-WC,0.415,0.42,0.41,0.42,2108
INTA,0.27,0.27,0.265,0.265,2455
INTA-WA,0.075,0.075,0.075,0.075,531
IOICORP,3.83,3.84,3.75,3.77,25153
IOIPG,1.22,1.22,1.19,1.2,11467
IPMUDA,1.33,1.36,1.33,1.35,3322
IQGROUP,1.73,1.73,1.6,1.61,11593
IQZAN,0.065,0.075,0.065,0.075,31455
IREKA,0.68,0.7,0.675,0.69,128635
ITRONIC,0.2,0.215,0.195,0.205,237042
IVORY,0.125,0.135,0.125,0.135,5568
IWCITY,0.365,0.385,0.36,0.375,15778
JADEM,0.61,0.61,0.59,0.605,14874
JADI,0.13,0.135,0.12,0.13,401900
JAKS,0.47,0.475,0.46,0.47,133182
JAKS-WB,0.25,0.25,0.24,0.25,2260
JAKS-WC,0.24,0.24,0.23,0.235,10242
JASKITA,0.11,0.11,0.11,0.11,525
JAYCORP,1.63,1.64,1.59,1.64,6618
JCBNEXT,1.45,1.45,1.45,1.45,20
JCY,0.305,0.31,0.305,0.305,10555
JERASIA,0.195,0.205,0.195,0.2,605
JETSON,0.38,0.38,0.37,0.37,66161
JHM,1.84,1.85,1.82,1.84,25767
JIANKUN,0.3,0.31,0.3,0.3,22322
JIANKUN-WA,0.045,0.05,0.045,0.05,19692
JKGLAND,0.11,0.11,0.105,0.105,7387
JOE,0.045,0.045,0.045,0.045,31067
JOE-WA,-,-,-,-,0
JOE-WB,0.01,0.015,0.01,0.015,8818
JOHAN,0.105,0.105,0.1,0.105,9176
JOHAN-WB,0.035,0.035,0.035,0.035,5000
JTIASA,0.63,0.65,0.625,0.635,44096
KAB,0.395,0.4,0.395,0.395,103262
KAB-WA,0.05,0.05,0.045,0.045,52461
KAMDAR,0.255,0.255,0.255,0.255,205
KAREX,0.435,0.435,0.425,0.425,37091
KARYON,0.31,0.315,0.305,0.31,183834
KAWAN,1.84,1.86,1.83,1.85,748
KEINHIN,0.82,0.83,0.81,0.81,7431
KEN,0.61,0.61,0.61,0.61,190
KENANGA,1.26,1.3,1.26,1.29,879
KERJAYA,1.24,1.24,1.21,1.23,497
KERJAYA-WB,-,-,-,-,0
KESM,12.7,12.9,12.58,12.6,264
KEYASIC,0.115,0.115,0.11,0.115,29024
KFIMA,2,2.03,2,2,363
KGB,1.83,1.88,1.76,1.76,136886
KGB-WB,1.01,1.09,0.99,1.02,195606
KHEESAN,0.16,0.18,0.155,0.18,107
KHIND,4.44,4.53,4.4,4.44,2079
KIALIM,0.445,0.475,0.43,0.475,716
KIMHIN,-,-,-,-,0
KIMLUN,0.8,0.8,0.795,0.795,1210
KIMLUN-WA,-,-,-,-,0
KIPREIT,0.84,0.85,0.84,0.85,7777
KKB,1.3,1.3,1.3,1.3,40
KLCC,6.48,6.51,6.46,6.49,936
KLK,20.04,20.4,20.02,20.12,7700
KLUANG,3.68,3.68,3.68,3.68,83
KMLOONG,1.56,1.57,1.53,1.56,3395
KMLOONG-WB,-,-,-,-,0
KNM,0.235,0.24,0.23,0.23,526289
KNUSFOR,-,-,-,-,0
KOBAY,4.88,5.02,4.86,4.9,13255
KOMARK,0.105,0.115,0.105,0.11,15791
KOMARK-WC,0.035,0.04,0.035,0.035,4206
KOSSAN,2.32,2.41,2.28,2.31,97656
KOTRA,2.78,2.79,2.78,2.79,78
KPJ,1.17,1.17,1.14,1.16,62549
KPOWER,0.645,0.675,0.64,0.665,46970
KPOWER-WA,0.2,0.2,0.195,0.2,21383
KPPROP,0.785,0.79,0.78,0.785,1676
KPS,0.75,0.75,0.74,0.74,2809
KPSCB,-,-,-,-,0
KRETAM,-,-,-,-,0
KSENG,3.33,3.33,3.33,3.33,50
KSL,0.625,0.63,0.62,0.63,3946
KSSC,0.75,0.755,0.74,0.74,5693
KTB,0.17,0.175,0.16,0.175,65673
KTG,0.11,0.115,0.11,0.11,8420
KUB,0.64,0.64,0.63,0.63,12603
KUCHAI,1.77,1.77,1.77,1.77,100
KYM,0.41,0.415,0.4,0.41,6648
L&G,0.125,0.125,0.12,0.125,14651
LAGENDA,1.5,1.5,1.46,1.46,2209
LAGENDA-WB,0.235,0.235,0.215,0.225,604
LANDMRK,0.385,0.385,0.38,0.38,2660
LATITUD,1.6,1.6,1.58,1.58,681
LAYHONG,0.275,0.275,0.275,0.275,3225
LAYHONG-WA,-,-,-,-,0
LBALUM,0.59,0.595,0.575,0.575,33297
LBICAP,0.61,0.61,0.575,0.605,769
LBICAP-WB,0.175,0.175,0.17,0.175,2799
LBS,0.46,0.465,0.46,0.46,3089
LBS-PA,-,-,-,-,0
LCTITAN,2.62,2.67,2.6,2.64,38058
LEBTECH,-,-,-,-,0
LEESK,0.88,0.88,0.88,0.88,252
LEONFB,0.945,0.945,0.93,0.935,2404
LFECORP,0.135,0.135,0.135,0.135,1978
LHI,0.66,0.67,0.65,0.65,15510
LIENHOE,0.4,0.4,0.395,0.395,6000
LIIHEN,3.04,3.04,3.02,3.04,638
LIONIND,0.545,0.545,0.535,0.535,61037
LIONPSIM,-,-,-,-,0
LITRAK,3.75,3.82,3.75,3.78,1034
LOTUS,0.22,0.225,0.22,0.22,2150
LOTUS-WB,0.125,0.125,0.125,0.125,250
LPI,13.98,14.08,13.98,14.08,10
LSTEEL,0.64,0.645,0.635,0.635,789
LTKM,1.09,1.09,1.09,1.09,320
LUSTER,0.13,0.135,0.125,0.13,36127
LUSTER-WA,0.04,0.04,0.035,0.04,1386
LUSTER-WB,0.07,0.07,0.07,0.07,125
LUXCHEM,0.74,0.765,0.735,0.76,7134
LYSAGHT,-,-,-,-,0
M&G,0.115,0.115,0.1,0.115,13379
MAA,0.69,0.7,0.69,0.7,279
MAGNA,-,-,-,-,0
MAGNI,2.13,2.13,2.1,2.1,4612
MAGNUM,2.02,2.05,2.02,2.04,3051
MAHSING,0.715,0.715,0.7,0.705,51959
MALAKOF,0.805,0.825,0.805,0.815,10417
MALPAC,1.22,1.22,1.22,1.22,20
MALTON,0.48,0.495,0.48,0.49,2209
MANULFE,-,-,-,-,0
MARCO,0.145,0.145,0.145,0.145,5292
MASTEEL,0.44,0.44,0.415,0.42,25815
MASTEEL-OR,0.09,0.115,0.09,0.09,253193
MASTER,1.76,1.77,1.75,1.75,389
MATRIX,2.09,2.09,2.04,2.05,3274
MAXIM,0.265,0.27,0.265,0.265,1423
MAXIS,4.7,4.7,4.6,4.69,23028
MAYBANK,8.1,8.1,8.05,8.05,129221
MAYBULK,0.725,0.74,0.71,0.73,157553
MBL,0.495,0.5,0.495,0.495,700
MBL-WA,0.12,0.13,0.12,0.12,1720
MBMR,3.21,3.21,3.18,3.19,315
MBSB,0.615,0.615,0.605,0.605,40993
MCEHLDG,1.48,1.48,1.43,1.43,1979
MCEMENT,2.99,3,2.98,2.99,1549
MCT,0.205,0.21,0.2,0.21,11518
MEDIA,0.49,0.49,0.48,0.49,4039
MEDIAC,0.175,0.18,0.175,0.175,3348
MELATI,-,-,-,-,0
MELEWAR,0.42,0.42,0.41,0.41,21102
MELEWAR-WB,0.265,0.275,0.265,0.265,462
MENANG,0.53,0.535,0.53,0.53,975
MENTIGA,0.68,0.72,0.68,0.72,160
MERCURY,1.18,1.18,1.18,1.18,20
MERIDIAN,0.16,0.18,0.16,0.175,15492
MERIDIAN-WB,0.02,0.02,0.015,0.015,900
MERIDIAN-WC,0.035,0.045,0.035,0.04,2554
MESB,0.49,0.495,0.475,0.475,3363
MESB-WA,0.185,0.2,0.185,0.185,2356
METROD,1.4,1.42,1.4,1.42,329
MFCB,3.63,3.69,3.6,3.67,10466
MFLOUR,0.765,0.765,0.755,0.76,6285
MFLOUR-WC,0.295,0.305,0.29,0.305,2950
MGB,0.79,0.79,0.79,0.79,7
MHB,0.42,0.425,0.405,0.405,4009
MHC,0.84,0.87,0.84,0.87,753
MI,3.8,3.81,3.73,3.75,14056
MIECO,0.49,0.505,0.49,0.505,313
MILUX,0.63,0.65,0.63,0.65,1909
MINDA,0.075,0.085,0.075,0.085,54144
MINETEC,0.115,0.125,0.115,0.115,39284
MINETEC-PR,0.01,0.015,0.005,0.01,1021193
MINHO,0.32,0.325,0.315,0.315,1723
MISC,6.89,7.05,6.85,6.91,19164
MITRA,0.25,0.255,0.25,0.25,453
MITRA-WE,0.06,0.06,0.06,0.06,500
MJPERAK,0.36,0.37,0.36,0.37,22
MKH,1.29,1.29,1.28,1.29,860
MKLAND,0.215,0.215,0.21,0.21,12104
MMCCORP,1.85,1.97,1.85,1.95,769342
MMSV,1.12,1.14,1.08,1.09,23410
MNRB,1.25,1.3,1.25,1.27,5356
MPCORP,0.14,0.14,0.13,0.13,110
MPHBCAP,1.37,1.38,1.37,1.37,193
MPI,45.4,45.4,44.96,45.4,3454
MRCB,0.385,0.405,0.385,0.395,47058
MRCB-WB,0.085,0.09,0.08,0.085,30492
MRDIY,3.9,3.9,3.83,3.9,20874
MSC,2.26,2.3,2.22,2.25,3999
MSM,1.67,1.7,1.66,1.68,24525
MSNIAGA,1.63,1.63,1.55,1.56,75
MTRONIC,0.03,0.035,0.03,0.035,39940
MTRONIC-WA,0.015,0.02,0.015,0.015,89289
MUDA,2.77,2.8,2.74,2.77,3213
MUDAJYA,0.18,0.19,0.18,0.19,3990
MUH,0.675,0.685,0.66,0.66,1983
MUHIBAH,0.89,0.905,0.89,0.895,9329
MUIIND,0.085,0.085,0.08,0.08,6780
MUIPROP,0.19,0.19,0.19,0.19,3060
MULPHA,2.24,2.29,2.23,2.27,2281
MYCRON,0.49,0.495,0.47,0.48,6860
MYCRON-WA,-,-,-,-,0
MYEG,0.91,0.925,0.9,0.92,214848
MYNEWS,0.925,0.935,0.915,0.925,7732
NAIM,0.62,0.63,0.62,0.62,4601
NATWIDE,0.19,0.19,0.175,0.19,1151
NCT,0.52,0.53,0.515,0.53,37629
NESTLE,133,133.7,132.6,133.1,941
NGGB,0.765,0.785,0.76,0.775,4689
NHFATT,2.33,2.33,2.33,2.33,10
NICE,0.165,0.165,0.16,0.16,1900
NICE-WB,0.12,0.14,0.12,0.14,350
NIHSIN,0.135,0.14,0.135,0.135,39028
NIHSIN-PA,0.03,0.03,0.03,0.03,5340
NIHSIN-WB,0.085,0.085,0.085,0.085,208
NOTION,0.58,0.585,0.56,0.575,26868
NOTION-WC,0.255,0.26,0.25,0.255,1873
NOVA,0.84,0.86,0.84,0.86,497
NPC,-,-,-,-,0
NSOP,3.2,3.2,3.2,3.2,50
NTPM,0.49,0.5,0.49,0.495,7390
NWP,0.265,0.27,0.255,0.265,327895
NYLEX,0.965,1.22,0.955,1.11,281576
OCB,0.79,0.795,0.78,0.795,1094
OCK,0.48,0.485,0.47,0.485,23269
OCK-WB,0.2,0.2,0.195,0.2,11836
OCNCASH,0.42,0.425,0.415,0.42,1125
OCR,0.135,0.14,0.135,0.14,12694
OCR-WD,0.03,0.035,0.03,0.035,1277
OFI,0.91,0.925,0.91,0.92,3159
OIB,0.89,0.9,0.89,0.9,261
OIB-WA,0.17,0.17,0.16,0.16,1693
OKA,0.815,0.83,0.815,0.825,4509
OLYMPIA,0.095,0.1,0.095,0.095,8272
OMESTI,0.44,0.445,0.435,0.44,1561
OMESTI-PB,0.85,0.86,0.85,0.86,63
OMESTI-WC,0.135,0.135,0.135,0.135,53
OMH,3.1,3.12,2.96,3.01,6297
ORIENT,5.11,5.12,5.1,5.1,5372
ORNA,1.4,1.4,1.4,1.4,10
OSK,0.86,0.865,0.855,0.855,5434
OWG,0.495,0.515,0.49,0.51,32337
OWG-WA,0.095,0.11,0.095,0.105,7993
OWG-WB,0.255,0.275,0.255,0.27,868
P&O,0.925,0.925,0.925,0.925,7
PA,0.405,0.42,0.4,0.42,83694
PA-WB,0.285,0.3,0.28,0.295,21691
PADINI,3.09,3.13,3.05,3.12,7166
PANAMY,30.1,30.1,30.02,30.04,124
PANSAR,0.65,0.65,0.65,0.65,10
PANSAR-PA,-,-,-,-,0
PANSAR-WA,0.13,0.15,0.13,0.15,12
PANTECH,0.515,0.515,0.505,0.505,1982
PANTECH-WB,0.035,0.04,0.035,0.04,11120
PAOS,0.405,0.41,0.395,0.41,6911
PAOS-WA,0.05,0.055,0.045,0.05,20803
PARAGON,1.75,1.83,1.75,1.78,1934
PARAMON,0.76,0.76,0.755,0.76,159
PARAMON-WA,0.08,0.09,0.08,0.09,687
PARKSON,0.215,0.215,0.21,0.215,7445
PARKWD,0.205,0.205,0.205,0.205,505
PASDEC,0.33,0.34,0.325,0.33,1115
PASDEC-WA,0.07,0.07,0.06,0.065,10530
PAVREIT,1.42,1.42,1.41,1.42,696
PBA,0.82,0.825,0.82,0.825,50
PBBANK,4.1,4.1,4.05,4.07,214178
PCCS,0.52,0.54,0.5,0.515,32275
PCCS-WA,0.155,0.165,0.14,0.145,35691
PCHEM,8.67,8.73,8.56,8.7,64717
PDZ,0.26,0.295,0.25,0.26,228483
PDZ-WB,0.13,0.145,0.11,0.13,61637
PEB,1.42,1.42,1.42,1.42,280
PECCA,2.96,2.96,2.93,2.96,4367
PELIKAN,0.425,0.44,0.425,0.43,46641
PENERGY,0.835,0.85,0.83,0.835,1160
PENSONI,0.705,0.705,0.69,0.69,1810
PENSONI-WB,0.2,0.2,0.195,0.195,1082
PENTA,5.44,5.54,5.44,5.49,10040
PERDANA,0.12,0.12,0.115,0.12,93597
PERDANA-PA,-,-,-,-,0
PERMAJU,0.065,0.065,0.06,0.06,27930
PERMAJU-PA,0.01,0.015,0.01,0.015,3550
PERMAJU-WA,0.035,0.045,0.035,0.045,1041
PERSTIM,4.09,4.09,4.07,4.07,223
PERTAMA,0.515,0.53,0.515,0.515,9057
PESONA,0.245,0.245,0.24,0.24,785
PESTECH,1.09,1.13,1.08,1.12,55504
PETDAG,19.46,19.46,18.9,19.12,3808
PETGAS,16.84,16.96,16.68,16.82,15534
PETRONM,4.31,4.36,4.3,4.33,458
PGLOBE,0.325,0.345,0.285,0.29,181018
PHARMA,0.815,0.84,0.81,0.835,72926
PHB,0.01,0.015,0.005,0.01,352444
PHB-WB,-,-,-,-,0
PICORP,0.13,0.13,0.125,0.125,27548
PIE,3.72,3.82,3.68,3.73,4165
PINEPAC,0.49,0.495,0.475,0.495,448
PJBUMI,0.38,0.38,0.37,0.375,3292
PJBUMI-WA,0.13,0.18,0.105,0.18,351
PLB,1.12,1.13,1.08,1.08,90
PLENITU,0.985,1.01,0.985,1.01,288
PLS,-,-,-,-,0
PLS-WA,-,-,-,-,0
PMBTECH,12.04,12.52,11.7,11.86,5614
PMBTECH-WA,9.55,9.55,8.7,8.95,1112
PMCORP,0.12,0.125,0.12,0.125,7879
PMETAL,5.84,5.84,5.66,5.74,85806
PMHLDG,0.075,0.075,0.07,0.075,57588
PNEPCB,0.085,0.095,0.085,0.095,18822
PNEPCB-WA,0.04,0.04,0.04,0.04,50
PNEPCB-WB,0.025,0.03,0.025,0.03,901
POHKONG,0.795,0.795,0.79,0.79,3977
POHUAT,1.45,1.47,1.44,1.44,1908
POLY,0.72,0.74,0.72,0.74,275
POS,0.7,0.7,0.69,0.695,7473
PPB,18.3,18.42,18.2,18.36,7484
PPHB,0.795,0.795,0.78,0.79,645
PRESTAR,0.62,0.63,0.615,0.615,11664
PRG,0.185,0.19,0.185,0.19,11260
PRKCORP,-,-,-,-,0
PRLEXUS,0.435,0.435,0.39,0.4,67659
PRLEXUS-WB,0.18,0.18,0.16,0.16,19903
PRTASCO,0.235,0.235,0.23,0.23,1312
PRTASCO-WA,0.05,0.05,0.05,0.05,2100
PTARAS,2.84,2.84,2.8,2.8,150
PTRANS,0.65,0.65,0.635,0.635,18791
PTRANS-WB,0.19,0.19,0.18,0.18,31270
PUNCAK,0.385,0.395,0.385,0.39,8058
PWF,-,-,-,-,0
PWORTH,0.07,0.075,0.07,0.07,16974
PWROOT,1.35,1.36,1.33,1.34,3277
PWROOT-WA,0.25,0.265,0.25,0.265,21
QL,5.4,5.42,5.38,5.38,8420
QUALITY,1.25,1.25,1.24,1.25,395
RALCO,1.01,1.05,1,1.01,746
RANHILL,0.66,0.665,0.655,0.665,1995
RAPID,8.45,8.52,8.45,8.52,964
RCECAP,3.18,3.25,3.18,3.24,2435
REACH,0.085,0.085,0.08,0.08,12364
REACH-WA,0.01,0.01,0.01,0.01,1450
RESINTC,0.685,0.73,0.67,0.725,27994
REX,0.24,0.245,0.24,0.24,23100
RGB,0.115,0.12,0.115,0.12,26526
RGTBHD,0.43,0.44,0.42,0.42,15980
RGTBHD-WB,0.33,0.33,0.315,0.315,1861
RHBBANK,5.5,5.5,5.44,5.46,41919
RHONEMA,0.685,0.69,0.675,0.69,420
RHONEMA-WA,0.17,0.17,0.165,0.165,1220
ROHAS,0.325,0.325,0.32,0.32,4740
RSAWIT,0.215,0.22,0.215,0.215,6161
RSENA,-,-,-,-,0
RUBEREX,0.6,0.645,0.6,0.615,154343
RVIEW,-,-,-,-,0
S&FCAP,0.115,0.115,0.11,0.115,1400
S&FCAP-WC,0.05,0.055,0.05,0.055,6561
SAB,3.77,3.8,3.77,3.8,794
SALCON,0.21,0.215,0.205,0.21,6997
SALCON-WB,0.07,0.075,0.07,0.07,1363
SALUTE,0.675,0.705,0.665,0.67,116837
SAM,20.26,21.44,19.82,20.2,4025
SAMCHEM,0.88,0.935,0.865,0.92,158682
SAPIND,-,-,-,-,0
SAPNRG,0.12,0.12,0.115,0.115,557640
SAPNRG-PA,-,-,-,-,0
SAPNRG-WA,0.055,0.06,0.055,0.055,41503
SAPRES,0.465,0.51,0.455,0.51,460
SASBADI,0.155,0.16,0.155,0.16,24821
SAUDEE,0.08,0.08,0.075,0.075,49282
SAUDEE-WB,0.025,0.025,0.025,0.025,6595
SBAGAN,3.27,3.28,3.2,3.21,230
SBCCORP,0.385,0.395,0.385,0.395,2707
SCABLE,0.375,0.39,0.375,0.38,8725
SCGM,2.45,2.46,2.4,2.44,5673
SCIB,0.45,0.46,0.435,0.445,199959
SCIB-WB,0.175,0.18,0.17,0.18,30296
SCICOM,1.16,1.17,1.15,1.15,2532
SCIENTX,4.63,4.63,4.56,4.57,4948
SCIENTX-WC,1.42,1.43,1.4,1.42,240
SCNWOLF,0.53,0.53,0.45,0.455,107888
SCNWOLF-WA,0.225,0.225,0.18,0.19,86838
SCOMI,0.04,0.04,0.035,0.04,12094
SCOMI-WB,0.015,0.015,0.015,0.015,1400
SCOMIES,0.07,0.075,0.07,0.07,2571
SDRED,0.585,0.59,0.585,0.59,135
SEACERA,0.18,0.185,0.18,0.18,1398
SEAL,0.345,0.345,0.34,0.34,3562
SEALINK,0.18,0.18,0.17,0.175,15413
SEB,-,-,-,-,0
SEEHUP,1.09,1.09,1.07,1.08,469
SEG,-,-,-,-,0
SEM,1.49,1.53,1.49,1.53,230
SENDAI,0.215,0.215,0.21,0.215,11080
SENDAI-WA,0.07,0.07,0.07,0.07,3000
SENTRAL,0.87,0.87,0.865,0.87,5635
SERBADK,0.33,0.335,0.32,0.32,1122502
SERBADK-WA,0.08,0.08,0.075,0.08,44499
SERNKOU,0.56,0.59,0.54,0.575,36374
SERNKOU-WA,0.435,0.46,0.425,0.46,935
SHANG,3.57,3.57,3.5,3.55,243
SHCHAN,0.55,0.56,0.55,0.55,710
SHH,-,-,-,-,0
SHL,-,-,-,-,0
SIGN,0.925,0.935,0.925,0.93,14710
SIME,2.31,2.33,2.26,2.27,87589
SIMEPLT,3.61,3.67,3.57,3.58,70629
SIMEPROP,0.64,0.66,0.64,0.655,17175
SINARAN,0.075,0.11,0.075,0.1,575599
SJC,2.38,2.51,2.38,2.5,606
SKBSHUT,1.8,1.83,1.72,1.77,1072
SKPRES,1.86,1.86,1.83,1.83,20403
SKPRES-WB,0.245,0.245,0.23,0.235,69336
SLP,0.95,0.95,0.945,0.95,970
SMCAP,0.225,0.23,0.22,0.23,29273
SMCAP-WC,0.13,0.13,0.13,0.13,25
SMI,0.185,0.19,0.185,0.185,6538
SMISCOR,0.705,0.72,0.705,0.715,1098
SNC,1.1,1.17,1.08,1.17,27459
SNTORIA,0.17,0.17,0.17,0.17,50
SNTORIA-WB,-,-,-,-,0
SOLID,0.25,0.255,0.245,0.25,34717
SOP,3.56,3.59,3.55,3.59,213
SPRITZER,2.09,2.09,2.03,2.03,35
SPSETIA,1.19,1.24,1.17,1.23,43444
SPSETIA-PA,0.81,0.815,0.81,0.81,300
SPSETIA-PB,-,-,-,-,0
SSTEEL,0.76,0.77,0.755,0.765,2870
STAR,0.35,0.355,0.34,0.345,12637
STELLA,0.935,0.935,0.935,0.935,261
SUBUR,0.78,0.83,0.77,0.825,2371
SUCCESS,0.93,0.94,0.91,0.93,14603
SUMATEC,-,-,-,-,0
SUNCON,1.64,1.64,1.62,1.63,451
SUNREIT,1.41,1.41,1.38,1.4,37603
SUNSURIA,-,-,-,-,0
SUNWAY,1.71,1.73,1.69,1.69,17247
SUNWAY-PA,1.46,1.48,1.46,1.48,2290
SUNWAY-WB,0.41,0.42,0.41,0.415,1376
SUPERLN,0.9,0.9,0.895,0.9,2480
SUPERMX,2.37,2.55,2.33,2.39,345939
SURIA,1.15,1.15,1.13,1.14,1339
SWKPLNT,2.4,2.44,2.39,2.43,306
SWSCAP,0.455,0.455,0.455,0.455,690
SWSCAP-WB,0.07,0.07,0.07,0.07,6500
SYCAL,0.195,0.195,0.195,0.195,50
SYF,0.43,0.44,0.425,0.435,56828
SYMLIFE,0.66,0.67,0.645,0.65,144724
SYSCORP,0.36,0.36,0.34,0.345,21168
T7GLOBAL,0.335,0.335,0.33,0.335,3660
TAANN,2.88,2.95,2.87,2.94,20751
TAFI,2.52,2.68,2.48,2.58,197779
TAKAFUL,4.24,4.25,4.22,4.22,1918
TALAMT,0.025,0.025,0.025,0.025,50125
TALIWRK,0.825,0.83,0.82,0.825,1587
TAMBUN,0.75,0.77,0.75,0.77,2066
TANCO,0.245,0.245,0.24,0.245,66190
TAS,0.265,0.275,0.265,0.27,3602
TASCO,1.15,1.15,1.11,1.12,20148
TAWIN,0.14,0.145,0.135,0.135,121436
TAWIN-PA,-,-,-,-,0
TAWIN-WA,0.06,0.06,0.055,0.055,5117
TAWIN-WB,0.055,0.06,0.055,0.055,121524
TCHONG,1.17,1.18,1.16,1.16,438
TDM,0.24,0.245,0.24,0.24,7020
TECGUAN,1.42,1.54,1.4,1.41,8041
TECHBND,0.455,0.465,0.455,0.465,4645
TECHBND-WA,0.17,0.18,0.17,0.18,2315
TECHNAX,0.08,0.085,0.08,0.08,25085
TEKSENG,0.445,0.45,0.435,0.445,9202
TENAGA,9.79,9.8,9.66,9.68,55370
TEOSENG,0.735,0.735,0.73,0.73,803
TEXCHEM,0.78,0.78,0.765,0.765,1979
TGL,1.1,1.14,1.1,1.12,200
TGUAN,2.68,2.7,2.66,2.67,3655
THETA,0.88,0.89,0.83,0.84,40818
THHEAVY,0.085,0.105,0.085,0.105,116836
THPLANT,0.54,0.55,0.535,0.55,3364
THRIVEN,0.155,0.155,0.15,0.155,350
TIENWAH,1.16,1.2,1.16,1.2,280
TIGER,0.045,0.045,0.04,0.04,32266
TIMECOM,4.52,4.56,4.52,4.55,41016
TIMWELL,0.62,0.62,0.61,0.61,150
TITIJYA,0.32,0.325,0.32,0.32,3970
TITIJYA-PA,-,-,-,-,0
TJSETIA,0.51,0.515,0.505,0.515,3093
TM,5.76,5.76,5.65,5.7,97714
TMCLIFE,0.56,0.57,0.56,0.565,1620
TNLOGIS,0.86,0.86,0.84,0.845,4381
TOCEAN,3.68,3.71,3.63,3.64,1113
TOMEI,0.9,0.92,0.9,0.9,1285
TOMYPAK,0.595,0.595,0.545,0.555,16152
TONGHER,2.8,2.82,2.79,2.82,194
TOPBLDS,0.06,0.065,0.06,0.06,161886
TOPGLOV,2.75,2.92,2.72,2.88,443044
TOYOVEN,2.02,2.05,2,2.01,1207
TOYOVEN-WB,0.84,0.84,0.835,0.835,194
TPC,-,-,-,-,0
TRC,0.345,0.345,0.34,0.34,480
TRIVE,0.06,0.065,0.06,0.06,4133
TRIVE-WC,0.025,0.025,0.025,0.025,10026
TROP,1,1.04,1,1.04,2942
TSH,1.12,1.12,1.09,1.11,9180
TSRCAP,0.25,0.255,0.245,0.245,8538
TUNEPRO,0.45,0.455,0.445,0.455,6458
TURBO,0.78,0.78,0.77,0.77,150
TURIYA,0.245,0.25,0.24,0.245,13295
TWRREIT,0.575,0.6,0.575,0.6,742
UCHITEC,3.11,3.13,3.07,3.13,5604
UEMS,0.365,0.37,0.365,0.37,29085
ULICORP,1.48,1.48,1.43,1.47,4799
UMCCA,5.04,5.04,5.04,5.04,32
UMS,2.43,2.43,2.37,2.37,57
UMSNGB,1.3,1.3,1.29,1.3,412
UMW,3.14,3.15,3.11,3.13,2921
UNIMECH,-,-,-,-,0
UNISEM,8.53,8.64,8.5,8.53,8528
UOADEV,1.64,1.67,1.64,1.66,3795
UOAREIT,1.12,1.13,1.12,1.12,170
UPA,2.3,2.32,2.3,2.32,15
UTDPLT,13.64,13.72,13.62,13.68,2249
UWC,5.9,6.09,5.9,6,26651
UZMA,0.605,0.61,0.595,0.6,5628
VELESTO,0.145,0.15,0.14,0.145,63686
VELESTO-WA,0.065,0.065,0.06,0.065,9507
VERSATL,0.55,0.55,0.55,0.55,100
VERTICE,0.295,0.305,0.295,0.295,1803
VERTICE-WA,0.135,0.14,0.125,0.14,593
VITROX,19.74,20.32,19.7,20,4137
VIZIONE,0.125,0.13,0.125,0.125,14815
VIZIONE-WC,0.01,0.01,0.01,0.01,1950
VIZIONE-WD,-,-,-,-,0
VS,1.62,1.62,1.57,1.59,190440
VS-WB,0.57,0.57,0.545,0.55,160697
VSTECS,1.37,1.37,1.33,1.37,6016
WANGZNG,0.795,0.795,0.795,0.795,30
WARISAN,1.33,1.33,1.33,1.33,210
WASEONG,0.67,0.685,0.66,0.68,9332
WATTA,0.62,0.62,0.605,0.61,2278
WCEHB,0.385,0.385,0.385,0.385,5173
WCEHB-PA,0.34,0.34,0.34,0.34,457
WCEHB-WF,0.205,0.205,0.205,0.205,300
WCT,0.63,0.63,0.61,0.62,71010
WEGMANS,0.265,0.265,0.265,0.265,1198
WEGMANS-WA,0.015,0.015,0.015,0.015,13830
WEGMANS-WB,0.095,0.095,0.095,0.095,72
WELLCAL,1.04,1.05,1.03,1.05,5956
WIDETEC,4.65,4.93,4.63,4.7,3687
WILLOW,0.42,0.425,0.42,0.425,600
WMG,0.11,0.125,0.11,0.125,9240
WONG,1.85,1.86,1.81,1.82,26651
WOODLAN,0.74,0.74,0.74,0.74,50
WPRTS,4.4,4.5,4.38,4.5,12169
WTHORSE,0.71,0.72,0.71,0.715,348
WTK,0.445,0.45,0.44,0.45,2557
WZSATU,0.135,0.14,0.135,0.14,4281
WZSATU-PA,0.135,0.135,0.135,0.135,600
WZSATU-WA,0.055,0.055,0.055,0.055,139
WZSATU-WB,0.085,0.095,0.085,0.085,422
XDL,0.04,0.045,0.04,0.045,19200
XDL-WD,-,-,-,-,0
XINHWA,0.385,0.385,0.365,0.365,22470
XINHWA-WA,0.115,0.12,0.11,0.11,10278
XL,0.75,0.77,0.735,0.74,17852
XL-WA,0.21,0.21,0.185,0.19,18184
Y&G,1.35,1.41,1.28,1.32,3549
YB,0.47,0.47,0.45,0.45,13793
YENHER,0.875,0.88,0.87,0.87,4307
YINSON,5.28,5.7,5.28,5.51,83531
YKGI,0.18,0.185,0.175,0.185,17965
YLI,0.33,0.34,0.33,0.335,2815
YNHPROP,2.61,2.65,2.6,2.65,639
YOCB,1.07,1.08,1.07,1.08,473
YONGTAI,0.14,0.145,0.14,0.145,34391
YONGTAI-PA,0.13,0.13,0.13,0.13,10
YSPSAH,1.98,2,1.98,1.99,344
YTL,0.615,0.615,0.605,0.61,23058
YTLPOWR,0.66,0.675,0.66,0.665,10386
YTLREIT,0.94,0.95,0.94,0.94,2110
ZECON,0.44,0.45,0.44,0.45,1462
ZELAN,0.125,0.135,0.12,0.13,190114
ZHULIAN,1.86,1.86,1.85,1.85,708
